,class,IOU,mIOU
0,background,0.9722994566577132,0.9629686806059787
1,foreground,0.9536379045542442,0.9629686806059787
