,class,IOU,mIOU
0,background,0.8969868342168743,0.9424096852223609
1,foreground,0.9878325362278475,0.9424096852223609
